{
  "mean": 8.369372367858887,
  "std": 3.5705441937533675,
  "p50": 8.00323486328125,
  "p95": 15.009033679962151,
  "p99": 19.446415901184082,
  "min": 0.0,
  "max": 26.6571044921875,
  "count": 8750,
  "thresholds": {
    "p50_ms": 10.0,
    "p95_ms": 20.0,
    "p99_ms": 50.0
  },
  "meets_requirements": {
    "p50": true,
    "p95": true,
    "p99": true
  }
}