{
  "mean": 7.110835921089604,
  "std": 4.839304975586102,
  "p50": 6.330013275146484,
  "p95": 17.911958694458,
  "p99": 21.362581253051754,
  "min": 0.0,
  "max": 31.334638595581055,
  "count": 8745,
  "thresholds": {
    "p50_ms": 10.0,
    "p95_ms": 20.0,
    "p99_ms": 50.0
  },
  "meets_requirements": {
    "p50": true,
    "p95": true,
    "p99": true
  }
}