{
  "mean": 3.731868606488864,
  "std": 3.348853153461236,
  "p50": 3.0007362365722656,
  "p95": 10.02955436706543,
  "p99": 14.513435363769505,
  "min": 0.0,
  "max": 52.617788314819336,
  "count": 8745,
  "thresholds": {
    "p50_ms": 10.0,
    "p95_ms": 20.0,
    "p99_ms": 50.0
  },
  "meets_requirements": {
    "p50": true,
    "p95": true,
    "p99": true
  }
}