{
  "mean": 5.4343710763113835,
  "std": 6.771175594256343,
  "p50": 3.0002593994140625,
  "p95": 22.49028682708739,
  "p99": 30.69358825683598,
  "min": 0.0,
  "max": 53.8640022277832,
  "count": 8750,
  "thresholds": {
    "p50_ms": 10.0,
    "p95_ms": 20.0,
    "p99_ms": 50.0
  },
  "meets_requirements": {
    "p50": true,
    "p95": false,
    "p99": true
  }
}