{
  "mean": 8.652396553785477,
  "std": 4.398404662196869,
  "p50": 8.364677429199219,
  "p95": 17.404937744140614,
  "p99": 21.420326232910156,
  "min": 0.0,
  "max": 29.27875518798828,
  "count": 8745,
  "thresholds": {
    "p50_ms": 10.0,
    "p95_ms": 20.0,
    "p99_ms": 50.0
  },
  "meets_requirements": {
    "p50": true,
    "p95": true,
    "p99": true
  }
}