{
  "mean": 3.313196666449257,
  "std": 2.8486748034091494,
  "p50": 2.9993057250976562,
  "p95": 9.42683219909668,
  "p99": 11.620264053344727,
  "min": 0.0,
  "max": 43.083906173706055,
  "count": 8745,
  "thresholds": {
    "p50_ms": 10.0,
    "p95_ms": 20.0,
    "p99_ms": 50.0
  },
  "meets_requirements": {
    "p50": true,
    "p95": true,
    "p99": true
  }
}