{
  "mean": 3.8574600764683313,
  "std": 2.838451050668062,
  "p50": 3.013014793395996,
  "p95": 9.654486179351805,
  "p99": 13.444418907165538,
  "min": 0.0,
  "max": 45.36771774291992,
  "count": 8750,
  "thresholds": {
    "p50_ms": 10.0,
    "p95_ms": 20.0,
    "p99_ms": 50.0
  },
  "meets_requirements": {
    "p50": true,
    "p95": true,
    "p99": true
  }
}