{
  "mean": 4.435548106215898,
  "std": 3.2741913369209503,
  "p50": 3.999948501586914,
  "p95": 10.020112991333008,
  "p99": 16.285037994384737,
  "min": 0.0,
  "max": 80.92379570007324,
  "count": 8745,
  "thresholds": {
    "p50_ms": 10.0,
    "p95_ms": 20.0,
    "p99_ms": 50.0
  },
  "meets_requirements": {
    "p50": true,
    "p95": true,
    "p99": true
  }
}