{
  "passed": false,
  "mse": 0.0047031729482114315,
  "max_diff": 0.45713064074516296,
  "mean_diff": 0.03887110576033592,
  "mse_threshold": 1e-05,
  "max_diff_threshold": 5e-05,
  "aligned_pairs_count": 201,
  "exact_predictions_count": 8210,
  "streaming_predictions_count": 201
}