{
  "mean": 3.903785305339449,
  "std": 3.057675764202667,
  "p50": 3.007650375366211,
  "p95": 9.73663330078125,
  "p99": 13.630323410034078,
  "min": 0.0,
  "max": 59.08083915710449,
  "count": 8745,
  "thresholds": {
    "p50_ms": 10.0,
    "p95_ms": 20.0,
    "p99_ms": 50.0
  },
  "meets_requirements": {
    "p50": true,
    "p95": true,
    "p99": true
  }
}