{
  "mean": 4.304269708905902,
  "std": 3.1394657434364905,
  "p50": 3.9987564086914062,
  "p95": 9.833359718322754,
  "p99": 15.854406356811525,
  "min": 0.0,
  "max": 48.15363883972168,
  "count": 8750,
  "thresholds": {
    "p50_ms": 10.0,
    "p95_ms": 20.0,
    "p99_ms": 50.0
  },
  "meets_requirements": {
    "p50": true,
    "p95": true,
    "p99": true
  }
}