{
  "mean": 3.363214383806501,
  "std": 3.0172202560824837,
  "p50": 2.9975175857543945,
  "p95": 9.551858901977534,
  "p99": 14.99741315841675,
  "min": 0.0,
  "max": 37.46461868286133,
  "count": 8750,
  "thresholds": {
    "p50_ms": 10.0,
    "p95_ms": 20.0,
    "p99_ms": 50.0
  },
  "meets_requirements": {
    "p50": true,
    "p95": true,
    "p99": true
  }
}