{
  "mean": 3.1352074232150513,
  "std": 2.759376390069741,
  "p50": 2.991914749145508,
  "p95": 9.114170074462887,
  "p99": 13.049507141113262,
  "min": 0.0,
  "max": 46.633243560791016,
  "count": 8745,
  "thresholds": {
    "p50_ms": 10.0,
    "p95_ms": 20.0,
    "p99_ms": 50.0
  },
  "meets_requirements": {
    "p50": true,
    "p95": true,
    "p99": true
  }
}