{
  "mean": 7.198362114961807,
  "std": 4.52976391555461,
  "p50": 6.728410720825195,
  "p95": 16.87171459197998,
  "p99": 20.816893577575673,
  "min": 0.0,
  "max": 32.20677375793457,
  "count": 8747,
  "thresholds": {
    "p50_ms": 10.0,
    "p95_ms": 20.0,
    "p99_ms": 50.0
  },
  "meets_requirements": {
    "p50": true,
    "p95": true,
    "p99": true
  }
}