{
  "mean": 7.70722138943026,
  "std": 3.641108466379865,
  "p50": 7.408618927001953,
  "p95": 14.644527435302702,
  "p99": 18.88562202453613,
  "min": 0.0,
  "max": 27.938365936279297,
  "count": 8745,
  "thresholds": {
    "p50_ms": 10.0,
    "p95_ms": 20.0,
    "p99_ms": 50.0
  },
  "meets_requirements": {
    "p50": true,
    "p95": true,
    "p99": true
  }
}