{
  "passed": false,
  "mse": 0.01233766321092844,
  "max_diff": 0.7635827660560608,
  "mean_diff": 0.05825521796941757,
  "mse_threshold": 1e-05,
  "max_diff_threshold": 5e-05,
  "aligned_pairs_count": 201,
  "exact_predictions_count": 8210,
  "streaming_predictions_count": 201
}