{
  "mean": 3.483993547722024,
  "std": 2.757020016798315,
  "p50": 3.000020980834961,
  "p95": 9.342050552368164,
  "p99": 12.106018066406241,
  "min": 0.0,
  "max": 43.76816749572754,
  "count": 8745,
  "thresholds": {
    "p50_ms": 10.0,
    "p95_ms": 20.0,
    "p99_ms": 50.0
  },
  "meets_requirements": {
    "p50": true,
    "p95": true,
    "p99": true
  }
}