{
  "mean": 7.718553785134604,
  "std": 3.700789718886202,
  "p50": 7.6923370361328125,
  "p95": 14.339590072631829,
  "p99": 19.126224517822237,
  "min": 0.0,
  "max": 32.89389610290527,
  "count": 8747,
  "thresholds": {
    "p50_ms": 10.0,
    "p95_ms": 20.0,
    "p99_ms": 50.0
  },
  "meets_requirements": {
    "p50": true,
    "p95": true,
    "p99": true
  }
}