{
  "mean": 7.890757860456194,
  "std": 4.672024192877022,
  "p50": 7.374286651611328,
  "p95": 17.806386947631832,
  "p99": 21.602163314819336,
  "min": 0.0,
  "max": 42.84930229187012,
  "count": 8750,
  "thresholds": {
    "p50_ms": 10.0,
    "p95_ms": 20.0,
    "p99_ms": 50.0
  },
  "meets_requirements": {
    "p50": true,
    "p95": true,
    "p99": true
  }
}