{
  "mean": 8.737679438430149,
  "std": 3.6611802235423125,
  "p50": 8.620500564575195,
  "p95": 15.818214416503894,
  "p99": 20.184955596923814,
  "min": 0.0,
  "max": 30.397415161132812,
  "count": 8745,
  "thresholds": {
    "p50_ms": 10.0,
    "p95_ms": 20.0,
    "p99_ms": 50.0
  },
  "meets_requirements": {
    "p50": true,
    "p95": true,
    "p99": true
  }
}