{
  "mean": 7.623814174107143,
  "std": 3.3190426583132693,
  "p50": 7.317781448364258,
  "p95": 14.195573329925537,
  "p99": 17.42696762084961,
  "min": 0.0,
  "max": 28.52654457092285,
  "count": 8750,
  "thresholds": {
    "p50_ms": 10.0,
    "p95_ms": 20.0,
    "p99_ms": 50.0
  },
  "meets_requirements": {
    "p50": true,
    "p95": true,
    "p99": true
  }
}