{
  "passed": false,
  "mse": 0.012223857454955578,
  "max_diff": 0.7676272392272949,
  "mean_diff": 0.05690043047070503,
  "mse_threshold": 1e-05,
  "max_diff_threshold": 5e-05,
  "aligned_pairs_count": 206,
  "exact_predictions_count": 8210,
  "streaming_predictions_count": 206,
  "diagnosis": {
    "passed": false,
    "mse": 0.07001950591802597,
    "max_diff": 1.1303608417510986,
    "mse_threshold": 1e-05,
    "max_diff_threshold": 5e-05
  }
}