{
  "mean": 7.7380679824680785,
  "std": 2.547711820731327,
  "p50": 7.465600967407227,
  "p95": 11.77849769592285,
  "p99": 16.47777557373046,
  "min": 0.0,
  "max": 46.49519920349121,
  "count": 8745,
  "thresholds": {
    "p50_ms": 10.0,
    "p95_ms": 20.0,
    "p99_ms": 50.0
  },
  "meets_requirements": {
    "p50": true,
    "p95": true,
    "p99": true
  }
}