{
  "passed": false,
  "mse": 0.004703186918050051,
  "max_diff": 0.4571264982223511,
  "mean_diff": 0.03887259215116501,
  "mse_threshold": 1e-05,
  "max_diff_threshold": 5e-05,
  "aligned_pairs_count": 201,
  "exact_predictions_count": 8210,
  "streaming_predictions_count": 201
}