{
  "mean": 7.271599047111742,
  "std": 2.625170923553673,
  "p50": 6.99925422668457,
  "p95": 11.370086669921873,
  "p99": 16.899547576904283,
  "min": 0.0,
  "max": 42.32954978942871,
  "count": 8745,
  "thresholds": {
    "p50_ms": 10.0,
    "p95_ms": 20.0,
    "p99_ms": 50.0
  },
  "meets_requirements": {
    "p50": true,
    "p95": true,
    "p99": true
  }
}